{
	"info": {
		"_postman_id": "bb6c353e-5e64-4b11-a3f0-d6eb5a1357a2",
		"name": "OrderManagementSystem",
		"schema": "https://schema.getpostman.com/json/collection/v2.1.0/collection.json",
		"_exporter_id": "40359270"
	},
	"item": [
		{
			"name": "User",
			"item": [
				{
					"name": "All Users for Admin",
					"request": {
						"auth": {
							"type": "bearer",
							"bearer": [
								{
									"key": "token",
									"value": "{{AUTH_TOKEN}}",
									"type": "string"
								}
							]
						},
						"method": "GET",
						"header": [],
						"url": {
							"raw": "http://localhost:5000/api/users",
							"protocol": "http",
							"host": [
								"localhost"
							],
							"port": "5000",
							"path": [
								"api",
								"users"
							]
						}
					},
					"response": []
				},
				{
					"name": "User By Id for Admin",
					"request": {
						"auth": {
							"type": "bearer",
							"bearer": [
								{
									"key": "token",
									"value": "{{AUTH_TOKEN}}",
									"type": "string"
								}
							]
						},
						"method": "GET",
						"header": [],
						"url": {
							"raw": "http://localhost:5000/api/users/67657e81237a56d2487b8367",
							"protocol": "http",
							"host": [
								"localhost"
							],
							"port": "5000",
							"path": [
								"api",
								"users",
								"67657e81237a56d2487b8367"
							]
						}
					},
					"response": []
				},
				{
					"name": "My account",
					"request": {
						"auth": {
							"type": "bearer",
							"bearer": [
								{
									"key": "token",
									"value": "{{AUTH_TOKEN}}",
									"type": "string"
								}
							]
						},
						"method": "DELETE",
						"header": [],
						"url": {
							"raw": "http://localhost:5000/api/users/my-account",
							"protocol": "http",
							"host": [
								"localhost"
							],
							"port": "5000",
							"path": [
								"api",
								"users",
								"my-account"
							]
						}
					},
					"response": []
				},
				{
					"name": "by Admin",
					"request": {
						"auth": {
							"type": "bearer",
							"bearer": [
								{
									"key": "token",
									"value": "{{AUTH_TOKEN}}",
									"type": "string"
								}
							]
						},
						"method": "DELETE",
						"header": [],
						"url": {
							"raw": "http://localhost:5000/api/users/admin/675c4d5021b692c91160b6be",
							"protocol": "http",
							"host": [
								"localhost"
							],
							"port": "5000",
							"path": [
								"api",
								"users",
								"admin",
								"675c4d5021b692c91160b6be"
							]
						}
					},
					"response": []
				},
				{
					"name": "User",
					"request": {
						"auth": {
							"type": "bearer",
							"bearer": [
								{
									"key": "token",
									"value": "{{AUTH_TOKEN}}",
									"type": "string"
								}
							]
						},
						"method": "PUT",
						"header": [],
						"body": {
							"mode": "raw",
							"raw": "{\r\n     \"role\": \"admin\"\r\n}",
							"options": {
								"raw": {
									"language": "json"
								}
							}
						},
						"url": {
							"raw": "http://localhost:5000/api/users/675b02bd3a8e4a60ceca2c67",
							"protocol": "http",
							"host": [
								"localhost"
							],
							"port": "5000",
							"path": [
								"api",
								"users",
								"675b02bd3a8e4a60ceca2c67"
							]
						}
					},
					"response": []
				},
				{
					"name": "Request to Reset Password",
					"request": {
						"auth": {
							"type": "bearer",
							"bearer": [
								{
									"key": "token",
									"value": "{{AUTH_TOKEN}}",
									"type": "string"
								}
							]
						},
						"method": "POST",
						"header": [],
						"body": {
							"mode": "raw",
							"raw": "{\r\n    \"email\": \"oleksandra.atamanova@nure.ua\"\r\n}",
							"options": {
								"raw": {
									"language": "json"
								}
							}
						},
						"url": {
							"raw": "http://localhost:5000/api/users/forgot-password",
							"protocol": "http",
							"host": [
								"localhost"
							],
							"port": "5000",
							"path": [
								"api",
								"users",
								"forgot-password"
							]
						}
					},
					"response": []
				},
				{
					"name": "Update Password",
					"request": {
						"auth": {
							"type": "bearer",
							"bearer": [
								{
									"key": "token",
									"value": "{{AUTH_TOKEN}}",
									"type": "string"
								}
							]
						},
						"method": "PUT",
						"header": [],
						"body": {
							"mode": "raw",
							"raw": "{\r\n    \"email\": \"oleksandra.atamanova@nure.ua\",\r\n    \"name\": \"Oleksandra Atamanova\",\r\n    \"newPassword\": \"3128bc8ddefdb374\"\r\n}",
							"options": {
								"raw": {
									"language": "json"
								}
							}
						},
						"url": {
							"raw": "http://localhost:5000/api/users/update-profile",
							"protocol": "http",
							"host": [
								"localhost"
							],
							"port": "5000",
							"path": [
								"api",
								"users",
								"update-profile"
							]
						}
					},
					"response": []
				}
			]
		},
		{
			"name": "Product",
			"item": [
				{
					"name": "Products",
					"request": {
						"auth": {
							"type": "bearer",
							"bearer": [
								{
									"key": "token",
									"value": "{{AUTH_TOKEN}}",
									"type": "string"
								}
							]
						},
						"method": "GET",
						"header": [],
						"url": {
							"raw": "http://localhost:5000/api/products",
							"protocol": "http",
							"host": [
								"localhost"
							],
							"port": "5000",
							"path": [
								"api",
								"products"
							]
						}
					},
					"response": []
				},
				{
					"name": "Product By Id",
					"request": {
						"method": "GET",
						"header": [],
						"url": {
							"raw": "http://localhost:5000/api/products/675974e10eb9dbd00ef3784a",
							"protocol": "http",
							"host": [
								"localhost"
							],
							"port": "5000",
							"path": [
								"api",
								"products",
								"675974e10eb9dbd00ef3784a"
							]
						}
					},
					"response": []
				},
				{
					"name": "Products By Brand",
					"request": {
						"method": "GET",
						"header": [],
						"url": {
							"raw": "http://localhost:5000/api/products/brand/Govee",
							"protocol": "http",
							"host": [
								"localhost"
							],
							"port": "5000",
							"path": [
								"api",
								"products",
								"brand",
								"Govee"
							]
						}
					},
					"response": []
				},
				{
					"name": "Products By Size",
					"request": {
						"method": "GET",
						"header": [],
						"url": {
							"raw": "http://localhost:5000/api/products/size/5",
							"protocol": "http",
							"host": [
								"localhost"
							],
							"port": "5000",
							"path": [
								"api",
								"products",
								"size",
								"5"
							]
						}
					},
					"response": []
				},
				{
					"name": "Products By Type",
					"request": {
						"method": "GET",
						"header": [],
						"url": {
							"raw": "http://localhost:5000/api/products/type/Lamp",
							"protocol": "http",
							"host": [
								"localhost"
							],
							"port": "5000",
							"path": [
								"api",
								"products",
								"type",
								"Lamp"
							]
						}
					},
					"response": []
				},
				{
					"name": "Products By Price",
					"request": {
						"method": "GET",
						"header": [],
						"url": {
							"raw": "http://localhost:5000/api/products/price/15/25",
							"protocol": "http",
							"host": [
								"localhost"
							],
							"port": "5000",
							"path": [
								"api",
								"products",
								"price",
								"15",
								"25"
							]
						}
					},
					"response": []
				},
				{
					"name": "Products By Quantity",
					"request": {
						"method": "GET",
						"header": [],
						"url": {
							"raw": "http://localhost:5000/api/products/quantity/5/100",
							"protocol": "http",
							"host": [
								"localhost"
							],
							"port": "5000",
							"path": [
								"api",
								"products",
								"quantity",
								"5",
								"100"
							]
						}
					},
					"response": []
				},
				{
					"name": "Product by Admin",
					"request": {
						"auth": {
							"type": "bearer",
							"bearer": [
								{
									"key": "token",
									"value": "{{AUTH_TOKEN}}",
									"type": "string"
								}
							]
						},
						"method": "POST",
						"header": [],
						"body": {
							"mode": "raw",
							"raw": "{\r\n  \"name\": \"TestBackup\",\r\n  \"description\": \"description3\",\r\n  \"brand\": \"brand3\",\r\n  \"size\": \"3\",\r\n  \"type\": \"Type3\",\r\n  \"price\": 30,\r\n  \"quantity\": 15\r\n}",
							"options": {
								"raw": {
									"language": "json"
								}
							}
						},
						"url": {
							"raw": "http://localhost:5000/api/products",
							"protocol": "http",
							"host": [
								"localhost"
							],
							"port": "5000",
							"path": [
								"api",
								"products"
							]
						}
					},
					"response": []
				},
				{
					"name": "Product ny Admin",
					"request": {
						"auth": {
							"type": "bearer",
							"bearer": [
								{
									"key": "token",
									"value": "{{AUTH_TOKEN}}",
									"type": "string"
								}
							]
						},
						"method": "DELETE",
						"header": [],
						"url": {
							"raw": "http://localhost:5000/api/products/67699fdb3cc825a0206c5ef7",
							"protocol": "http",
							"host": [
								"localhost"
							],
							"port": "5000",
							"path": [
								"api",
								"products",
								"67699fdb3cc825a0206c5ef7"
							]
						}
					},
					"response": []
				},
				{
					"name": "Product by Admin",
					"request": {
						"auth": {
							"type": "bearer",
							"bearer": [
								{
									"key": "token",
									"value": "{{AUTH_TOKEN}}",
									"type": "string"
								}
							]
						},
						"method": "PUT",
						"header": [],
						"body": {
							"mode": "raw",
							"raw": "{\r\n    \"name\": \"LED Lamp Gove\",\r\n    \"brand\": \"Govee\"\r\n}",
							"options": {
								"raw": {
									"language": "json"
								}
							}
						},
						"url": {
							"raw": "http://localhost:5000/api/products/67699fdb3cc825a0206c5ef7",
							"protocol": "http",
							"host": [
								"localhost"
							],
							"port": "5000",
							"path": [
								"api",
								"products",
								"67699fdb3cc825a0206c5ef7"
							]
						}
					},
					"response": []
				}
			]
		},
		{
			"name": "Payment",
			"item": [
				{
					"name": "All Payments for Admin",
					"request": {
						"auth": {
							"type": "bearer",
							"bearer": [
								{
									"key": "token",
									"value": "{{AUTH_TOKEN}}",
									"type": "string"
								}
							]
						},
						"method": "GET",
						"header": [],
						"url": {
							"raw": "http://localhost:5000/api/payments",
							"protocol": "http",
							"host": [
								"localhost"
							],
							"port": "5000",
							"path": [
								"api",
								"payments"
							]
						}
					},
					"response": []
				},
				{
					"name": "My payments",
					"request": {
						"auth": {
							"type": "bearer",
							"bearer": [
								{
									"key": "token",
									"value": "{{AUTH_TOKEN}}",
									"type": "string"
								}
							]
						},
						"method": "GET",
						"header": [],
						"url": {
							"raw": "http://localhost:5000/api/payments/my-payments",
							"protocol": "http",
							"host": [
								"localhost"
							],
							"port": "5000",
							"path": [
								"api",
								"payments",
								"my-payments"
							]
						}
					},
					"response": []
				},
				{
					"name": "Payment By Order",
					"request": {
						"auth": {
							"type": "bearer",
							"bearer": [
								{
									"key": "token",
									"value": "{{AUTH_TOKEN}}",
									"type": "string"
								}
							]
						},
						"method": "GET",
						"header": [],
						"url": {
							"raw": "http://localhost:5000/api/payments/order/675c0bec19193f76a59aa804",
							"protocol": "http",
							"host": [
								"localhost"
							],
							"port": "5000",
							"path": [
								"api",
								"payments",
								"order",
								"675c0bec19193f76a59aa804"
							]
						}
					},
					"response": []
				},
				{
					"name": "Payment By User",
					"request": {
						"auth": {
							"type": "bearer",
							"bearer": [
								{
									"key": "token",
									"value": "eyJhbGciOiJIUzI1NiIsInR5cCI6IkpXVCJ9.eyJpZCI6IjY3NjZkMDQ3OGVhYzQ4OWZhNTY3YjVkZiIsImlhdCI6MTczNDk3NDg1MiwiZXhwIjoxNzM1MDYxMjUyfQ.YrjMuh_hpWM2MJFl4CXhpNzgukIo47ixlWgon7o3fSc",
									"type": "string"
								}
							]
						},
						"method": "GET",
						"header": [],
						"url": {
							"raw": "http://localhost:5000/api/payments/user/675bff6c19193f76a59aa7dd",
							"protocol": "http",
							"host": [
								"localhost"
							],
							"port": "5000",
							"path": [
								"api",
								"payments",
								"user",
								"675bff6c19193f76a59aa7dd"
							]
						}
					},
					"response": []
				},
				{
					"name": "Payment By Status",
					"request": {
						"auth": {
							"type": "bearer",
							"bearer": [
								{
									"key": "token",
									"value": "{{AUTH_TOKEN}}",
									"type": "string"
								}
							]
						},
						"method": "GET",
						"header": [],
						"url": {
							"raw": "http://localhost:5000/api/payments/status/failed",
							"protocol": "http",
							"host": [
								"localhost"
							],
							"port": "5000",
							"path": [
								"api",
								"payments",
								"status",
								"failed"
							]
						}
					},
					"response": []
				},
				{
					"name": "Payment",
					"request": {
						"auth": {
							"type": "bearer",
							"bearer": [
								{
									"key": "token",
									"value": "{{AUTH_TOKEN}}",
									"type": "string"
								}
							]
						},
						"method": "POST",
						"header": [],
						"body": {
							"mode": "raw",
							"raw": "{\r\n  \"order_id\": \"675c0bec19193f76a59aa804\",\r\n  \"user_id\": \"67657e81237a56d2487b8367\",\r\n  \"product_id\": \"675974e10eb9dbd00ef3784a\",\r\n  \"amount\": -15000.00,\r\n  \"status\": \"completed\"\r\n}",
							"options": {
								"raw": {
									"language": "json"
								}
							}
						},
						"url": {
							"raw": "http://localhost:5000/api/payments",
							"protocol": "http",
							"host": [
								"localhost"
							],
							"port": "5000",
							"path": [
								"api",
								"payments"
							]
						}
					},
					"response": []
				},
				{
					"name": "Payment",
					"request": {
						"auth": {
							"type": "bearer",
							"bearer": [
								{
									"key": "token",
									"value": "{{AUTH_TOKEN}}",
									"type": "string"
								}
							]
						},
						"method": "DELETE",
						"header": [],
						"body": {
							"mode": "raw",
							"raw": "",
							"options": {
								"raw": {
									"language": "json"
								}
							}
						},
						"url": {
							"raw": "http://localhost:5000/api/payments/676583e9d6bdea181044d1bd",
							"protocol": "http",
							"host": [
								"localhost"
							],
							"port": "5000",
							"path": [
								"api",
								"payments",
								"676583e9d6bdea181044d1bd"
							]
						}
					},
					"response": []
				}
			]
		},
		{
			"name": "Order",
			"item": [
				{
					"name": "All Orders for Admin",
					"request": {
						"auth": {
							"type": "bearer",
							"bearer": [
								{
									"key": "token",
									"value": "{{AUTH_TOKEN}}",
									"type": "string"
								}
							]
						},
						"method": "GET",
						"header": [],
						"url": {
							"raw": "http://localhost:5000/api/orders",
							"protocol": "http",
							"host": [
								"localhost"
							],
							"port": "5000",
							"path": [
								"api",
								"orders"
							]
						}
					},
					"response": []
				},
				{
					"name": "My orders",
					"request": {
						"auth": {
							"type": "bearer",
							"bearer": [
								{
									"key": "token",
									"value": "{{AUTH_TOKEN}}",
									"type": "string"
								}
							]
						},
						"method": "GET",
						"header": [],
						"url": {
							"raw": "http://localhost:5000/api/orders/my-orders",
							"protocol": "http",
							"host": [
								"localhost"
							],
							"port": "5000",
							"path": [
								"api",
								"orders",
								"my-orders"
							]
						}
					},
					"response": []
				},
				{
					"name": "Order By Id",
					"request": {
						"auth": {
							"type": "bearer",
							"bearer": [
								{
									"key": "token",
									"value": "{{AUTH_TOKEN}}",
									"type": "string"
								}
							]
						},
						"method": "GET",
						"header": [],
						"url": {
							"raw": "http://localhost:5000/api/orders/675c0bec19193f76a59aa804",
							"protocol": "http",
							"host": [
								"localhost"
							],
							"port": "5000",
							"path": [
								"api",
								"orders",
								"675c0bec19193f76a59aa804"
							]
						}
					},
					"response": []
				},
				{
					"name": "Orders By User",
					"request": {
						"auth": {
							"type": "bearer",
							"bearer": [
								{
									"key": "token",
									"value": "{{AUTH_TOKEN}}",
									"type": "string"
								}
							]
						},
						"method": "GET",
						"header": [],
						"url": {
							"raw": "http://localhost:5000/api/orders/user/675bff6c19193f76a59aa7dd",
							"protocol": "http",
							"host": [
								"localhost"
							],
							"port": "5000",
							"path": [
								"api",
								"orders",
								"user",
								"675bff6c19193f76a59aa7dd"
							]
						}
					},
					"response": []
				},
				{
					"name": "Orders By Status",
					"request": {
						"auth": {
							"type": "bearer",
							"bearer": [
								{
									"key": "token",
									"value": "{{AUTH_TOKEN}}",
									"type": "string"
								}
							]
						},
						"method": "GET",
						"header": [],
						"url": {
							"raw": "http://localhost:5000/api/orders/status/processing",
							"protocol": "http",
							"host": [
								"localhost"
							],
							"port": "5000",
							"path": [
								"api",
								"orders",
								"status",
								"processing"
							]
						}
					},
					"response": []
				},
				{
					"name": "Orders By Date",
					"request": {
						"auth": {
							"type": "bearer",
							"bearer": [
								{
									"key": "token",
									"value": "{{AUTH_TOKEN}}",
									"type": "string"
								}
							]
						},
						"method": "GET",
						"header": [],
						"url": {
							"raw": "http://localhost:5000/api/orders/date/2024-12-10/2024-12-14",
							"protocol": "http",
							"host": [
								"localhost"
							],
							"port": "5000",
							"path": [
								"api",
								"orders",
								"date",
								"2024-12-10",
								"2024-12-14"
							]
						}
					},
					"response": []
				},
				{
					"name": "Order",
					"request": {
						"auth": {
							"type": "bearer",
							"bearer": [
								{
									"key": "token",
									"value": "{{AUTH_TOKEN}}",
									"type": "string"
								}
							]
						},
						"method": "POST",
						"header": [],
						"body": {
							"mode": "raw",
							"raw": "{\r\n  \"user_id\": \"67657e81237a56d2487b8367\",\r\n  \"total_price\": 15.00,\r\n  \"status\": \"ready\"\r\n}",
							"options": {
								"raw": {
									"language": "json"
								}
							}
						},
						"url": {
							"raw": "http://localhost:5000/api/orders",
							"protocol": "http",
							"host": [
								"localhost"
							],
							"port": "5000",
							"path": [
								"api",
								"orders"
							]
						}
					},
					"response": []
				},
				{
					"name": "Order for Admin",
					"request": {
						"auth": {
							"type": "bearer",
							"bearer": [
								{
									"key": "token",
									"value": "{{AUTH_TOKEN}}",
									"type": "string"
								}
							]
						},
						"method": "DELETE",
						"header": [],
						"url": {
							"raw": "http://localhost:5000/api/orders/67658676d6bdea181044d1e2",
							"protocol": "http",
							"host": [
								"localhost"
							],
							"port": "5000",
							"path": [
								"api",
								"orders",
								"67658676d6bdea181044d1e2"
							]
						}
					},
					"response": []
				}
			]
		},
		{
			"name": "OrderItem",
			"item": [
				{
					"name": "All OrderItems for Admin",
					"request": {
						"auth": {
							"type": "bearer",
							"bearer": [
								{
									"key": "token",
									"value": "{{AUTH_TOKEN}}",
									"type": "string"
								}
							]
						},
						"method": "GET",
						"header": [],
						"url": {
							"raw": "http://localhost:5000/api/orderitems",
							"protocol": "http",
							"host": [
								"localhost"
							],
							"port": "5000",
							"path": [
								"api",
								"orderitems"
							]
						}
					},
					"response": []
				},
				{
					"name": "My OrderItems",
					"request": {
						"auth": {
							"type": "bearer",
							"bearer": [
								{
									"key": "token",
									"value": "{{AUTH_TOKEN}}",
									"type": "string"
								}
							]
						},
						"method": "GET",
						"header": [],
						"url": {
							"raw": "http://localhost:5000/api/orderitems/my-order-items",
							"protocol": "http",
							"host": [
								"localhost"
							],
							"port": "5000",
							"path": [
								"api",
								"orderitems",
								"my-order-items"
							]
						}
					},
					"response": []
				},
				{
					"name": "OrderItem By Id",
					"request": {
						"auth": {
							"type": "bearer",
							"bearer": [
								{
									"key": "token",
									"value": "{{AUTH_TOKEN}}",
									"type": "string"
								}
							]
						},
						"method": "GET",
						"header": [],
						"url": {
							"raw": "http://localhost:5000/api/orderitems/order/675c0bec19193f76a59aa804",
							"protocol": "http",
							"host": [
								"localhost"
							],
							"port": "5000",
							"path": [
								"api",
								"orderitems",
								"order",
								"675c0bec19193f76a59aa804"
							]
						}
					},
					"response": []
				},
				{
					"name": "OrderItem by Product",
					"request": {
						"auth": {
							"type": "bearer",
							"bearer": [
								{
									"key": "token",
									"value": "{{AUTH_TOKEN}}",
									"type": "string"
								}
							]
						},
						"method": "GET",
						"header": [],
						"url": {
							"raw": "http://localhost:5000/api/orderitems/product/675974e10eb9dbd00ef3784a",
							"protocol": "http",
							"host": [
								"localhost"
							],
							"port": "5000",
							"path": [
								"api",
								"orderitems",
								"product",
								"675974e10eb9dbd00ef3784a"
							]
						}
					},
					"response": []
				},
				{
					"name": "OrderItem By Quantity",
					"request": {
						"auth": {
							"type": "bearer",
							"bearer": [
								{
									"key": "token",
									"value": "{{AUTH_TOKEN}}",
									"type": "string"
								}
							]
						},
						"method": "GET",
						"header": [],
						"url": {
							"raw": "http://localhost:5000/api/orderitems/quantity/1/5",
							"protocol": "http",
							"host": [
								"localhost"
							],
							"port": "5000",
							"path": [
								"api",
								"orderitems",
								"quantity",
								"1",
								"5"
							]
						}
					},
					"response": []
				},
				{
					"name": "OrderItem",
					"request": {
						"auth": {
							"type": "bearer",
							"bearer": [
								{
									"key": "token",
									"value": "{{AUTH_TOKEN}}",
									"type": "string"
								}
							]
						},
						"method": "POST",
						"header": [],
						"body": {
							"mode": "raw",
							"raw": "{\r\n  \"order_id\": \"675c0bec19193f76a59aa804\",\r\n  \"product_id\": \"675974e10eb9dbd00ef3784a\",\r\n  \"user_id\": \"67657e81237a56d2487b8367і\",\r\n  \"quantity\": 220,\r\n  \"price_per_item\": -50.00\r\n}",
							"options": {
								"raw": {
									"language": "json"
								}
							}
						},
						"url": {
							"raw": "http://localhost:5000/api/orderitems",
							"protocol": "http",
							"host": [
								"localhost"
							],
							"port": "5000",
							"path": [
								"api",
								"orderitems"
							]
						}
					},
					"response": []
				},
				{
					"name": "OrderItem for Admin",
					"request": {
						"auth": {
							"type": "bearer",
							"bearer": [
								{
									"key": "token",
									"value": "{{AUTH_TOKEN}}",
									"type": "string"
								}
							]
						},
						"method": "DELETE",
						"header": [],
						"url": {
							"raw": "http://localhost:5000/api/orderitems/676587c1588c6a14c3f32500",
							"protocol": "http",
							"host": [
								"localhost"
							],
							"port": "5000",
							"path": [
								"api",
								"orderitems",
								"676587c1588c6a14c3f32500"
							]
						}
					},
					"response": []
				},
				{
					"name": "Popular Product By Orders",
					"request": {
						"auth": {
							"type": "bearer",
							"bearer": [
								{
									"key": "token",
									"value": "{{AUTH_TOKEN}}",
									"type": "string"
								}
							]
						},
						"method": "GET",
						"header": [],
						"url": {
							"raw": "http://localhost:5000/api/orderitems/popular/2024-12-10/2024-12-15",
							"protocol": "http",
							"host": [
								"localhost"
							],
							"port": "5000",
							"path": [
								"api",
								"orderitems",
								"popular",
								"2024-12-10",
								"2024-12-15"
							]
						}
					},
					"response": []
				}
			]
		},
		{
			"name": "Auth",
			"item": [
				{
					"name": "Register",
					"request": {
						"method": "POST",
						"header": [],
						"body": {
							"mode": "raw",
							"raw": "{\r\n    \"role\": \"user\",\r\n    \"name\": \"testResAccount\",\r\n    \"email\": \"try@resemail.com\",\r\n    \"password\": \"testpassword\"\r\n}",
							"options": {
								"raw": {
									"language": "json"
								}
							}
						},
						"url": {
							"raw": "http://localhost:5000/api/auth/register",
							"protocol": "http",
							"host": [
								"localhost"
							],
							"port": "5000",
							"path": [
								"api",
								"auth",
								"register"
							]
						}
					},
					"response": []
				},
				{
					"name": "Login",
					"request": {
						"auth": {
							"type": "bearer",
							"bearer": [
								{
									"key": "token",
									"value": "{{AUTH_TOKEN}}",
									"type": "string"
								}
							]
						},
						"method": "POST",
						"header": [],
						"body": {
							"mode": "raw",
							"raw": "{\r\n    \"email\": \"oleksandra.atamanova@nure.ua\",\r\n    \"password\": \"3128bc8ddefdb374\"\r\n}",
							"options": {
								"raw": {
									"language": "json"
								}
							}
						},
						"url": {
							"raw": "http://localhost:5000/api/auth/login",
							"protocol": "http",
							"host": [
								"localhost"
							],
							"port": "5000",
							"path": [
								"api",
								"auth",
								"login"
							]
						}
					},
					"response": []
				}
			]
		},
		{
			"name": "iot",
			"item": [
				{
					"name": "Status",
					"request": {
						"auth": {
							"type": "bearer",
							"bearer": [
								{
									"key": "token",
									"value": "{{AUTH_TOKEN}}",
									"type": "string"
								}
							]
						},
						"method": "GET",
						"header": [],
						"url": {
							"raw": "http://localhost:5000/api/iot/status",
							"protocol": "http",
							"host": [
								"localhost"
							],
							"port": "5000",
							"path": [
								"api",
								"iot",
								"status"
							]
						}
					},
					"response": []
				},
				{
					"name": "Statistics",
					"request": {
						"auth": {
							"type": "bearer",
							"bearer": [
								{
									"key": "token",
									"value": "{{AUTH_TOKEN}}",
									"type": "string"
								}
							]
						},
						"method": "GET",
						"header": [],
						"url": {
							"raw": "http://localhost:5000/api/iot/statistics",
							"protocol": "http",
							"host": [
								"localhost"
							],
							"port": "5000",
							"path": [
								"api",
								"iot",
								"statistics"
							]
						}
					},
					"response": []
				}
			]
		},
		{
			"name": "Backups",
			"item": [
				{
					"name": "Backup",
					"request": {
						"auth": {
							"type": "bearer",
							"bearer": [
								{
									"key": "token",
									"value": "{{AUTH_TOKEN}}",
									"type": "string"
								}
							]
						},
						"method": "GET",
						"header": [],
						"url": {
							"raw": "http://localhost:5000/api/admin/backup",
							"protocol": "http",
							"host": [
								"localhost"
							],
							"port": "5000",
							"path": [
								"api",
								"admin",
								"backup"
							]
						}
					},
					"response": []
				},
				{
					"name": "Export",
					"request": {
						"auth": {
							"type": "bearer",
							"bearer": [
								{
									"key": "token",
									"value": "{{AUTH_TOKEN}}",
									"type": "string"
								}
							]
						},
						"method": "GET",
						"header": [],
						"url": {
							"raw": "http://localhost:5000/api/admin/export",
							"protocol": "http",
							"host": [
								"localhost"
							],
							"port": "5000",
							"path": [
								"api",
								"admin",
								"export"
							]
						}
					},
					"response": []
				},
				{
					"name": "Import",
					"request": {
						"auth": {
							"type": "bearer",
							"bearer": [
								{
									"key": "token",
									"value": "{{AUTH_TOKEN}}",
									"type": "string"
								}
							]
						},
						"method": "POST",
						"header": [],
						"body": {
							"mode": "raw",
							"raw": "{\r\n    \"products\": [\r\n        {\r\n            \"name\": \"Test LED Strip Import\",\r\n            \"description\": \"RGB LED Strip for testing\",\r\n            \"brand\": \"TestBrand\",\r\n            \"size\": \"5\",\r\n            \"type\": \"Strip\",\r\n            \"price\": 25.99,\r\n            \"quantity\": 50\r\n        },\r\n        {\r\n            \"name\": \"Test LED Lamp Import\",\r\n            \"description\": \"RGB LED Lamp for testing\",\r\n            \"brand\": \"TestBrand\",\r\n            \"size\": \"10\",\r\n            \"type\": \"Lamp\",\r\n            \"price\": 35.99,\r\n            \"quantity\": 30\r\n        }\r\n    ]\r\n}",
							"options": {
								"raw": {
									"language": "json"
								}
							}
						},
						"url": {
							"raw": "http://localhost:5000/api/admin/import",
							"protocol": "http",
							"host": [
								"localhost"
							],
							"port": "5000",
							"path": [
								"api",
								"admin",
								"import"
							]
						}
					},
					"response": []
				},
				{
					"name": "Restore",
					"request": {
						"auth": {
							"type": "bearer",
							"bearer": [
								{
									"key": "token",
									"value": "{{AUTH_TOKEN}}",
									"type": "string"
								}
							]
						},
						"method": "POST",
						"header": [],
						"body": {
							"mode": "raw",
							"raw": "{\r\n    \"backupPath\": \"D:\\\\NURE\\\\PZPI-22-4\\\\Semestr 5\\\\Atark\\\\arkpz-pzpi-22-4-atamanova-oleksandra\\\\Task5\\\\arkpz-pzpi-22-4-atamanova-oleksandra-task5\\\\backend\\\\backups\\\\backup-2024-12-26T16-05-38-051Z.json\"\r\n}",
							"options": {
								"raw": {
									"language": "json"
								}
							}
						},
						"url": {
							"raw": "http://localhost:5000/api/admin/restore",
							"protocol": "http",
							"host": [
								"localhost"
							],
							"port": "5000",
							"path": [
								"api",
								"admin",
								"restore"
							]
						}
					},
					"response": []
				}
			]
		}
	],
	"event": [
		{
			"listen": "prerequest",
			"script": {
				"type": "text/javascript",
				"packages": {},
				"exec": [
					"pm.sendRequest({\r",
					"    url: 'http://localhost:5000/api/auth/login',\r",
					"    method: 'POST',\r",
					"    header: {\r",
					"        'content-type': 'application/json; charset=utf-8'\r",
					"    },\r",
					"    body: {\r",
					"        mode: 'raw',\r",
					"        raw: JSON.stringify({ \"email\": \"admin@email.com\",\"password\": \"adminpassword\" })\r",
					"    }\r",
					"}, (err, res) => {\r",
					"    pm.variables.set(\"AUTH_TOKEN\", res?.json()?.token);\r",
					"})"
				]
			}
		},
		{
			"listen": "test",
			"script": {
				"type": "text/javascript",
				"packages": {},
				"exec": [
					""
				]
			}
		}
	],
	"variable": [
		{
			"key": "AUTH_TOKEN",
			"value": "",
			"type": "string"
		}
	]
}